{
  "pool": {
    "workers_active_24h": 16,
    "workers_total": 17,
    "shares_24h": 8425,
    "blocks_found_24h": 4,
    "blocks_matured_total": 3,
    "total_btx_paid_sat": 0,
    "pending_fee_sat": 150000250,
    "pending_miner_payout_sat": 9750000000,
    "workers_active_now": 11,
    "workers_active_pay_period": 17,
    "blocks_found_pay_period": 5,
    "shares_accepted_pay_period": 8506,
    "estimated_pool_hashrate_nps": 4011.8309770904166,
    "pool_hashrate_live_nps": 5078.522704286067,
    "network_hash_nps": 2370556.011026294,
    "pool_share_of_network": 0.002142333984375
  },
  "health": {
    "btxd": {
      "blocks": 112027,
      "headers": 112027,
      "peers": 129,
      "ibd": false,
      "verification_progress": 0.9999890072671968,
      "network_hash_ps": 2370556.011026294,
      "last_probe_unix": 1779781713,
      "reachable": true
    },
    "dispatcher_errors": 0,
    "shares_accepted": 4886,
    "shares_rejected": 4420,
    "rpc_p50_ms": 1.314055,
    "rpc_p95_ms": 5.615042,
    "share_validation_p50_ms": 508.38964799999997,
    "share_validation_p95_ms": 662.102992,
    "last_probe_age_secs": 12,
    "hashrate_ema_nps": 6117.875474290918,
    "rpc_by_method": {
      "getmininginfo": {
        "ok_count": 228,
        "err_count": 0,
        "p50_ms": 4.65726,
        "p95_ms": 8.379334,
        "p99_ms": 9.043849
      },
      "getblocktemplate": {
        "ok_count": 79,
        "err_count": 0,
        "p50_ms": 7.735849,
        "p95_ms": 12.977861,
        "p99_ms": 13.545835
      },
      "getblockchaininfo": {
        "ok_count": 228,
        "err_count": 0,
        "p50_ms": 1.314055,
        "p95_ms": 5.615042,
        "p99_ms": 8.647825
      },
      "getblock": {
        "ok_count": 153,
        "err_count": 8,
        "p50_ms": 5.137529,
        "p95_ms": 9.806776,
        "p99_ms": 13.689321000000001
      },
      "getmatmulchallenge": {
        "ok_count": 1443,
        "err_count": 0,
        "p50_ms": 5.890335,
        "p95_ms": 11.674192,
        "p99_ms": 32.784665999999994
      },
      "getconnectioncount": {
        "ok_count": 228,
        "err_count": 0,
        "p50_ms": 1.725539,
        "p95_ms": 4.4993669999999995,
        "p99_ms": 5.447065
      }
    },
    "share_reject_by_code": {
      "21": 742,
      "22": 2474,
      "23": 1204
    },
    "task_heartbeat_age_secs": {
      "reorg_attribution": 12,
      "btxd_zmq": 109,
      "block_propagation": 2,
      "invariants_checker": 3222,
      "health_monitor": 12,
      "work_dispatcher": 2,
      "pool_alerts_phase_c": 42,
      "pool_forwarder": 109,
      "maturation_tracker": 42,
      "btxd_zmq_rawblock": 109,
      "retention": 3222,
      "miner_anomaly": 102,
      "peer_observer": 222,
      "pplns_engine": 12
    }
  },
  "policy": {
    "pool_fee_bps": 250,
    "treasury_address": "btx1zatnjdqpw4cjswjeajst5lkj8mrdsj8mhgzu3emycncuctfrtqmzst94c6s",
    "fee_address": "btx1zqzv4vgyhzyqqrkccxre0r4wgq9awwp6kjsdj6n8tfa0em0lfm22safa89n"
  },
  "fetched_at": "2026-05-26T07:48:45Z"
}
